first_name,last_name,address_street,address_city,address_state,address_zip,phone,case_num,case_worker
Ignatius,Sims,"P.O. Box 141, 1383 Lacinia Rd.",Gillette,Wyoming,42772,(828) 132-7810,1,Matthew Powers
Bruno,Page,"P.O. Box 440, 1132 Diam Road",North Las Vegas,NV,94395,(868) 434-6424,2,Vernon Eaton
Kasper,Charles,Ap #589-1265 Mollis Ave,Boise,ID,27516,(966) 108-0804,3,Ryder Pratt
Nora,Ingram,"P.O. Box 904, 3196 Eu Av.",Portland,Maine,53654,(109) 538-8021,4,Sybill Hudson
Lareina,Baird,"Ap #975-2493 Eu, St.",Auburn,ME,58289,(346) 783-2693,5,Cruz Knox
Graiden,Knowles,Ap #966-2804 Adipiscing Avenue,Cincinnati,Ohio,02786,(432) 650-6964,6,Vernon Eaton
Denise,Jacobs,"4079 A, Ave",Tampa,FL,64863,(677) 495-7960,7,Sybill Hudson
Joel,Faulkner,Ap #159-1536 Lacinia St.,Seattle,WA,71291,(882) 120-5997,8,Matthew Powers
Octavia,Tanner,662-3956 Vel Street,Phoenix,Arizona,32062,(357) 209-0425,9,Tate Wynn
Ivana,Beasley,340 Amet Rd.,Helena,Montana,82900,(478) 960-1017,10,Shannon Floyd
Harding,Harrell,Ap #539-3639 Consequat Avenue,Portland,OR,35303,(918) 543-4933,11,Autumn Ayers
Jakeem,Bernard,"P.O. Box 737, 2187 Et St.",Kearney,NE,96588,(774) 952-4442,12,Hayley Guy
Xavier,Barry,Ap #920-9032 Vestibulum Av.,Topeka,KS,16432,(547) 370-0111,13,Cruz Knox
Branden,Hess,Ap #425-7722 Donec St.,Grand Island,Nebraska,30169,(148) 646-0846,14,Tate Wynn
Alfreda,Moody,775 A Rd.,Orlando,FL,77735,(312) 264-0835,15,Matthew Powers
Colorado,Riggs,Ap #693-988 Diam Av.,Jacksonville,FL,27677,(301) 447-3544,16,Vernon Eaton
Susan,Bryan,Ap #915-2528 Iaculis Rd.,Auburn,ME,52318,(701) 600-2969,17,Shannon Floyd
Cynthia,Mcbride,"P.O. Box 482, 369 Nullam Street",Las Vegas,NV,86871,(308) 759-3008,18,Matthew Powers
Anthony,Petty,"P.O. Box 732, 8074 In Road",Kenosha,Wisconsin,14354,(317) 733-9679,19,Autumn Ayers
Eagan,Thornton,"P.O. Box 170, 545 Neque Rd.",Pittsburgh,PA,41922,(309) 468-8762,20,Matthew Powers
Kalia,Conway,"P.O. Box 190, 3147 Tempor Av.",Kenosha,WI,19318,(959) 434-5975,21,Vernon Eaton
Keegan,Donaldson,644-2861 Velit Avenue,Sterling Heights,Michigan,08412,(760) 898-8208,22,Shannon Floyd
Ayanna,Lang,929-7624 Cursus. Avenue,Biloxi,MS,31971,(429) 626-7928,23,Sybill Hudson
Phelan,Cabrera,633-5763 Fringilla Rd.,Richmond,VA,53885,(197) 297-2782,24,Shannon Floyd
Igor,Avila,Ap #965-2996 Faucibus Rd.,Duluth,MN,25669,(395) 693-3951,25,Shannon Floyd
Quon,Wiggins,2510 Elementum Ave,San Antonio,TX,16535,(824) 655-6486,26,Kirby Jackson
Uriah,Taylor,Ap #866-9629 Imperdiet Road,Grand Rapids,Michigan,37022,(100) 604-1140,27,Cruz Knox
Blair,Heath,"P.O. Box 550, 5980 Dolor Av.",Chandler,AZ,00611,(463) 981-3024,28,Matthew Powers
Sybil,Manning,Ap #116-2116 Molestie Rd.,Springfield,MO,15026,(654) 910-5384,29,Tate Wynn
Hannah,Stephens,"P.O. Box 747, 7627 Non, Rd.",Houston,TX,83927,(401) 620-1776,30,Sybill Hudson
Velma,May,622-7915 Sed Av.,Little Rock,AR,32820,(780) 815-2584,31,Ryder Pratt
Xaviera,Curry,"P.O. Box 227, 7253 Suspendisse St.",Erie,Pennsylvania,16089,(482) 535-1042,32,Tate Wynn
Christian,Duffy,"P.O. Box 331, 5336 Donec Street",Kenosha,WI,95818,(413) 442-1710,33,Sybill Hudson
Patience,Cooke,474-3393 Vitae Ave,Tucson,AZ,74050,(842) 152-9137,34,Ryder Pratt
Daryl,Norman,"P.O. Box 607, 5607 Netus Road",Fort Worth,Texas,17631,(357) 236-0982,35,Travis Bass
Harding,Chaney,1801 Phasellus St.,Jacksonville,FL,69911,(715) 505-8514,36,Travis Bass
Amaya,Howell,534-1795 Scelerisque Av.,Rock Springs,WY,17575,(676) 707-1528,37,Sybill Hudson
Jael,Noble,8027 Dis St.,Great Falls,Montana,69796,(281) 949-6347,38,Sybill Hudson
Gillian,Stewart,Ap #899-3926 Dolor Rd.,Covington,Kentucky,31236,(844) 993-8399,39,Tate Wynn
Abbot,Sutton,"P.O. Box 649, 671 Elementum, Road",Waterbury,CT,50180,(813) 971-8971,40,Kirby Jackson
Kieran,Evans,8953 Ipsum. St.,Tuscaloosa,AL,46699,(608) 349-4210,41,Sybill Hudson
Eric,Glass,"P.O. Box 340, 6979 Nibh. Av.",Warren,Michigan,31068,(623) 862-3509,42,Sybill Hudson
Ignacia,Donaldson,Ap #954-926 Erat St.,Rock Springs,WY,32910,(133) 549-7372,43,Autumn Ayers
Cullen,Sweet,"P.O. Box 122, 7287 Donec Ave",Kansas City,Missouri,03498,(293) 469-9012,44,Ryder Pratt
Grace,Mcconnell,553 Aenean Road,Columbus,GA,46692,(969) 691-6880,45,Hayley Guy
Jescie,Bray,"3670 Eu, St.",Pittsburgh,Pennsylvania,06906,(535) 223-5987,46,Shannon Floyd
Lance,Bradley,3276 Ornare Road,Atlanta,GA,10094,(965) 121-4612,47,Hayley Guy
Justina,Waller,698-8821 Velit Street,Bridgeport,CT,21900,(232) 359-0161,48,Shannon Floyd
Flynn,Henderson,588-3029 Eleifend Avenue,Lincoln,Nebraska,70169,(501) 570-6069,49,Shannon Floyd
Ashely,Prince,3713 Consequat Av.,Metairie,LA,96228,(468) 187-6101,50,Ryder Pratt
Shoshana,Jennings,1138 Ligula Rd.,Newark,Delaware,22747,(281) 341-6613,51,Shannon Floyd
Ray,Wiggins,"Ap #904-645 Tempor, Rd.",Aurora,CO,37887,(601) 981-9564,52,Shannon Floyd
Stacy,Davis,Ap #539-3950 Morbi Rd.,Nashville,Tennessee,04345,(373) 212-1777,53,Cruz Knox
Cadman,Boyd,381-7762 Venenatis Road,Lowell,Massachusetts,47889,(984) 177-8112,54,Sybill Hudson
Ignatius,York,802-9149 Risus Road,Frankfort,KY,53835,(743) 802-3753,55,Matthew Powers
Shelley,Singleton,"P.O. Box 417, 3209 Ridiculus St.",New Orleans,LA,61491,(338) 646-9763,56,Kirby Jackson
Skyler,Burris,554-1661 Phasellus Ave,Springfield,Illinois,02355,(450) 413-7708,57,Ryder Pratt
Jeanette,Howell,"Ap #540-8793 Consequat, Rd.",Fayetteville,AR,95890,(748) 975-0447,58,Shannon Floyd
Leilani,Brown,Ap #931-6027 Et Av.,Savannah,Georgia,23967,(555) 394-4981,59,Matthew Powers
Hollee,Bray,807-8770 Pharetra Ave,Louisville,KY,41307,(694) 201-5229,60,Cruz Knox
Suki,Deleon,"5832 Et, St.",Bear,DE,39639,(580) 245-9131,61,Sybill Hudson
Kamal,Trujillo,Ap #758-8030 Ac Av.,Fresno,CA,74398,(668) 231-1614,62,Tate Wynn
Hashim,Castaneda,Ap #963-5322 Ipsum Av.,Erie,PA,76983,(260) 515-6150,63,Cruz Knox
Fay,Kramer,230-5745 Donec Rd.,Juneau,Alaska,10355,(206) 420-5092,64,Travis Bass
Xena,Gill,9418 Dictum St.,Topeka,Kansas,07463,(218) 446-1709,65,Hayley Guy
Renee,Graham,646-8385 Vestibulum Ave,Indianapolis,Indiana,53613,(777) 299-1548,66,Travis Bass
Quemby,Phillips,"6099 Et, Road",Gresham,Oregon,49266,(484) 705-4251,67,Tate Wynn
Hammett,Garza,"P.O. Box 244, 8771 Ut, Ave",Kapolei,Hawaii,16994,(420) 648-0173,68,Vernon Eaton
Rhiannon,Bridges,"P.O. Box 401, 4050 Iaculis Street",Independence,MO,47548,(126) 732-5091,69,Cruz Knox
Kirestin,Church,246-3262 Litora Rd.,Colorado Springs,CO,74290,(461) 142-5559,70,Kirby Jackson
Lavinia,Barker,294-200 Cubilia Road,Bellevue,NE,60410,(725) 755-1394,71,Vernon Eaton
Amity,Mullins,"P.O. Box 377, 771 Consectetuer Av.",Eugene,Oregon,89293,(938) 806-6693,72,Ryder Pratt
Blaine,Castaneda,3779 Convallis Ave,Waterbury,CT,00956,(438) 115-2051,73,Ryder Pratt
Tatyana,Estrada,Ap #146-9869 Vel St.,Baltimore,Maryland,70720,(730) 994-7302,74,Autumn Ayers
Daphne,Thornton,"P.O. Box 263, 3220 Mattis Avenue",Philadelphia,PA,53013,(223) 704-1266,75,Autumn Ayers
Shelly,Adams,517-2449 Vestibulum Avenue,Helena,Montana,63429,(558) 454-8960,76,Cruz Knox
Lane,Manning,"P.O. Box 862, 8385 Phasellus Street",Rockville,Maryland,94938,(826) 202-7282,77,Travis Bass
Lucas,Sloan,"7142 Amet, Rd.",Nashville,Tennessee,20248,(557) 959-3500,78,Cruz Knox
Sopoline,Bennett,"P.O. Box 725, 5568 Vitae St.",Green Bay,Wisconsin,37917,(154) 173-6462,79,Vernon Eaton
Kendall,Buckner,8410 Eu St.,Tulsa,Oklahoma,03592,(245) 286-4267,80,Travis Bass
Colton,Guerra,"P.O. Box 114, 4845 A, Rd.",Great Falls,Montana,40037,(397) 948-2359,81,Hayley Guy
Katell,White,"P.O. Box 392, 9027 Mauris, Rd.",Pocatello,ID,61142,(470) 258-6240,82,Vernon Eaton
Jessica,Davis,Ap #483-5662 Auctor Rd.,Atlanta,GA,21197,(972) 706-0894,83,Cruz Knox
Phillip,Blankenship,"905-4590 Ac, Avenue",Jefferson City,Missouri,24760,(467) 181-7813,84,Travis Bass
Rudyard,Noel,"P.O. Box 659, 6526 A Rd.",Kearney,NE,88358,(635) 534-3257,85,Sybill Hudson
Astra,Hampton,341-6485 Aliquam Road,Eugene,Oregon,85322,(142) 108-5295,86,Sybill Hudson
Hilel,Mcfarland,Ap #134-7730 Fringilla Rd.,Birmingham,Alabama,79889,(439) 305-2734,87,Autumn Ayers
Kelsie,Potts,820 Vehicula Av.,Gulfport,MS,37152,(915) 901-3027,88,Ryder Pratt
Nicholas,Ortiz,"156-5843 Ut, Street",Augusta,GA,03934,(214) 587-0300,89,Sybill Hudson
Joelle,Conner,Ap #928-5526 Mattis. Rd.,Bridgeport,Connecticut,04314,(558) 208-7021,90,Autumn Ayers
Devin,Fletcher,613-2382 Sed Avenue,Flint,Michigan,05794,(501) 216-8091,91,Cruz Knox
Wynter,Casey,"P.O. Box 489, 977 Id Ave",Reading,PA,89794,(484) 595-3154,92,Autumn Ayers
Scarlett,Macdonald,"P.O. Box 202, 7173 Sapien, Street",Duluth,MN,91429,(744) 880-7044,93,Tate Wynn
Erasmus,Eaton,Ap #943-4667 Nulla Avenue,Wyoming,Wyoming,88260,(269) 757-8309,94,Matthew Powers
Alisa,Coffey,533 Porttitor Street,Richmond,Virginia,30816,(476) 216-7623,95,Vernon Eaton
Hyacinth,Ryan,Ap #912-7040 Venenatis Avenue,Chandler,AZ,54389,(670) 623-1426,96,Hayley Guy
Amal,Robertson,"Ap #579-7362 Vel, Rd.",Racine,Wisconsin,50422,(894) 538-0669,97,Matthew Powers
Quon,Henson,"495-525 Montes, Avenue",Cheyenne,WY,24341,(398) 261-3703,98,Shannon Floyd
Jenna,Stone,Ap #677-8355 Proin Rd.,Knoxville,TN,87717,(910) 612-5233,99,Shannon Floyd
Lester,Wiley,6005 Bibendum Rd.,Green Bay,Wisconsin,10337,(197) 451-3672,100,Shannon Floyd
