first_name,last_name,case_num
Susan,Lindsey,16
Hedda,Delgado,23
Georgia,Cooper,99
Beatrice,Osborne,68
Jelani,Hanson,24
Angelica,Mosley,86
Elijah,Mcfadden,16
Kiayada,Cardenas,82
Zephania,Albert,47
Gay,Conrad,32
Keegan,Sloan,24
Nina,Zamora,75
Josiah,Carney,13
Cadman,Alexander,4
Chaim,Barnett,66
Remedios,Strong,73
Jordan,Barry,6
Wanda,Estrada,75
Simone,Brewer,34
Audrey,Koch,25
Lee,Monroe,93
Denton,Bryan,48
Zeus,Mathis,33
Leroy,Maddox,86
Davis,Chambers,24
Kasper,Lancaster,70
Brooke,Vincent,81
Fleur,Sims,63
Norman,Gibbs,44
Thane,York,66
Jael,Welch,38
Kitra,Morgan,83
Troy,Conway,26
Tarik,Guy,99
Fletcher,Mays,54
Gavin,Malone,100
Regan,Workman,82
Caleb,Vincent,16
Mercedes,Bryan,89
Fuller,Aguirre,79
Ferdinand,Mays,66
Maia,Price,74
Thaddeus,Chase,1
Uma,Dale,47
Leila,Schroeder,75
Shellie,Cunningham,30
Jared,Mills,99
Philip,Spears,95
Angelica,Robles,99
Nyssa,Tyler,69
Miranda,Sexton,74
Rhonda,Barr,36
Aristotle,Gallagher,1
Chase,Lara,70
Howard,Odom,61
Caryn,Andrews,62
Tanner,Vaughan,98
Cooper,Hubbard,62
Magee,Gill,42
Imogene,Hall,87
Phillip,Palmer,70
Amanda,Wiley,24
Scarlett,Parks,20
Kelsie,Lamb,4
Gannon,Bradley,64
Avye,Banks,70
Curran,Albert,21
Alvin,Ruiz,99
Freya,Hamilton,36
Russell,Chan,59
Melyssa,Moody,91
Kieran,Pena,64
Stella,Weiss,40
Raven,Miles,19
Preston,Love,90
Hiram,Whitley,26
Declan,Lindsay,16
Tanek,Macias,5
Addison,Gallagher,100
Courtney,Schwartz,18
Acton,Maynard,46
Sonya,Santana,6
Gail,Mcpherson,61
Jesse,Morris,5
Rudyard,Edwards,38
John,Sandoval,14
Joan,Aguilar,58
Jade,Morton,17
Jaime,Tucker,74
Keith,Bradley,17
Melvin,Hoffman,12
Germaine,Greene,33
Carly,Carver,43
Charlotte,King,65
Kiona,Mckee,7
Cade,Richardson,83
Wanda,Sanders,20
Jermaine,Burch,77
Xena,Woodard,27
Chelsea,Simon,12
